{"homes":{"home":{"location":{"pos":{"x":-261.9369793965127,"y":76.0,"z":-487.17207728319016},"yaw":167.6676,"pitch":24.587397,"dimension":"minecraft:overworld"}}},"teleportLocations":[{"pos":{"x":-265.0985834611529,"y":79.0,"z":-496.15790825598924},"yaw":167.6676,"pitch":24.587397,"dimension":"minecraft:overworld"}],"commandSpy":false}